{
    "Asian": {
        "Mean Household Income": 74109.61904761905,
        "Median Household Income": 68125.0
    },
    "Black": {
        "Mean Household Income": 34303.9,
        "Median Household Income": 31327.5
    },
    "Hispanic": {
        "Mean Household Income": 52079.392857142855,
        "Median Household Income": 48496.0
    },
    "Native American": {
        "Mean Household Income": 55788.4,
        "Median Household Income": 48894.5
    },
    "Other": {
        "Mean Household Income": 50279.2972972973,
        "Median Household Income": 47337.0
    },
    "Pacific Islander": {
        "Mean Household Income": 49434.75,
        "Median Household Income": 50855.5
    },
    "Total": {
        "Mean Household Income": 49542.333333333336,
        "Median Household Income": 48129.0
    },
    "Two Or More": {
        "Mean Household Income": 49586.41791044776,
        "Median Household Income": 47054.0
    },
    "White": {
        "Mean Household Income": 54946.613333333335,
        "Median Household Income": 54170.0
    },
    "White Non-Hispanic": {
        "Mean Household Income": 55128.22666666667,
        "Median Household Income": 54389.0
    }
}