[
    {
        "ID Race": 0,
        "Race": "White Alone",
        "ID Ethnicity": 0,
        "Ethnicity": "Not Hispanic or Latino",
        "ID Year": 2022,
        "Year": 2022,
        "Hispanic Population Moe": 16000.0,
        "Geography": "Arkansas",
        "ID Geography": "04000US05",
        "Slug Geography": "arkansas",
        "Population": 213537,
        "share": 0.722014
    },
    {
        "ID Race": 0,
        "Race": "White Alone",
        "ID Ethnicity": 1,
        "Ethnicity": "Hispanic or Latino",
        "ID Year": 2022,
        "Year": 2022,
        "Hispanic Population Moe": 5000.0,
        "Geography": "Arkansas",
        "ID Geography": "04000US05",
        "Slug Geography": "arkansas",
        "Population": 200000,
        "share": 0.0905
    },
    {
        "ID Race": 1,
        "Race": "Black or African American Alone",
        "ID Ethnicity": 0,
        "Ethnicity": "Not Hispanic or Latino",
        "ID Year": 2022,
        "Year": 2022,
        "Hispanic Population Moe": 12000.0,
        "Geography": "Arkansas",
        "ID Geography": "04000US05",
        "Slug Geography": "arkansas",
        "Population": 963168,
        "share": 0.303454
    },
    {
        "ID Race": 1,
        "Race": "Black or African American Alone",
        "ID Ethnicity": 1,
        "Ethnicity": "Hispanic or Latino",
        "ID Year": 2022,
        "Year": 2022,
        "Hispanic Population Moe": 2500.0,
        "Geography": "Arkansas",
        "ID Geography": "04000US05",
        "Slug Geography": "arkansas",
        "Population": 50000,
        "share": 0.0201
    },
    {
        "ID Race": 2,
        "Race": "American Indian & Alaska Native Alone",
        "ID Ethnicity": 0,
        "Ethnicity": "Not Hispanic or Latino",
        "ID Year": 2022,
        "Year": 2022,
        "Hispanic Population Moe": 700.0,
        "Geography": "Arkansas",
        "ID Geography": "04000US05",
        "Slug Geography": "arkansas",
        "Population": 30000,
        "share": 0.0135
    },
    {
        "ID Race": 2,
        "Race": "American Indian & Alaska Native Alone",
        "ID Ethnicity": 1,
        "Ethnicity": "Hispanic or Latino",
        "ID Year": 2022,
        "Year": 2022,
        "Hispanic Population Moe": 500.0,
        "Geography": "Arkansas",
        "ID Geography": "04000US05",
        "Slug Geography": "arkansas",
        "Population": 10000,
        "share": 0.0045
    },
    {
        "ID Race": 3,
        "Race": "Asian Alone",
        "ID Ethnicity": 0,
        "Ethnicity": "Not Hispanic or Latino",
        "ID Year": 2022,
        "Year": 2022,
        "Hispanic Population Moe": 1500.0,
        "Geography": "Arkansas",
        "ID Geography": "04000US05",
        "Slug Geography": "arkansas",
        "Population": 65000,
        "share": 0.0294
    },
    {
        "ID Race": 3,
        "Race": "Asian Alone",
        "ID Ethnicity": 1,
        "Ethnicity": "Hispanic or Latino",
        "ID Year": 2022,
        "Year": 2022,
        "Hispanic Population Moe": 800.0,
        "Geography": "Arkansas",
        "ID Geography": "04000US05",
        "Slug Geography": "arkansas",
        "Population": 15000,
        "share": 0.0068
    },
    {
        "ID Race": 4,
        "Race": "Native Hawaiian & Other Pacific Islander Alone",
        "ID Ethnicity": 0,
        "Ethnicity": "Not Hispanic or Latino",
        "ID Year": 2022,
        "Year": 2022,
        "Hispanic Population Moe": 200.0,
        "Geography": "Arkansas",
        "ID Geography": "04000US05",
        "Slug Geography": "arkansas",
        "Population": 2000,
        "share": 0.0009
    },
    {
        "ID Race": 4,
        "Race": "Native Hawaiian & Other Pacific Islander Alone",
        "ID Ethnicity": 1,
        "Ethnicity": "Hispanic or Latino",
        "ID Year": 2022,
        "Year": 2022,
        "Hispanic Population Moe": 100.0,
        "Geography": "Arkansas",
        "ID Geography": "04000US05",
        "Slug Geography": "arkansas",
        "Population": 500,
        "share": 0.0002
    },
    {
        "ID Race": 5,
        "Race": "Some Other Race Alone",
        "ID Ethnicity": 0,
        "Ethnicity": "Not Hispanic or Latino",
        "ID Year": 2022,
        "Year": 2022,
        "Hispanic Population Moe": 3000.0,
        "Geography": "Arkansas",
        "ID Geography": "04000US05",
        "Slug Geography": "arkansas",
        "Population": 120000,
        "share": 0.0542
    },
    {
        "ID Race": 5,
        "Race": "Some Other Race Alone",
        "ID Ethnicity": 1,
        "Ethnicity": "Hispanic or Latino",
        "ID Year": 2022,
        "Year": 2022,
        "Hispanic Population Moe": 4000.0,
        "Geography": "Arkansas",
        "ID Geography": "04000US05",
        "Slug Geography": "arkansas",
        "Population": 200000,
        "share": 0.0905
    },
    {
        "ID Race": 6,
        "Race": "Two or More Races",
        "ID Ethnicity": 0,
        "Ethnicity": "Not Hispanic or Latino",
        "ID Year": 2022,
        "Year": 2022,
        "Hispanic Population Moe": 2500.0,
        "Geography": "Arkansas",
        "ID Geography": "04000US05",
        "Slug Geography": "arkansas",
        "Population": 100000,
        "share": 0.0450
    },
    {
        "ID Race": 6,
        "Race": "Two or More Races",
        "ID Ethnicity": 1,
        "Ethnicity": "Hispanic or Latino",
        "ID Year": 2022,
        "Year": 2022,
        "Hispanic Population Moe": 1500.0,
        "Geography": "Arkansas",
        "ID Geography": "04000US05",
        "Slug Geography": "arkansas",
        "Population": 50000,
        "share": 0.0226
    }
]
