{
    "Asian": {
        "Mean Household Income": 87931.0,
        "Median Household Income": 81607.0
    },
    "Black": {
        "Mean Household Income": 63206.90740740741,
        "Median Household Income": 58311.0
    },
    "Hispanic": {
        "Mean Household Income": 60963.583333333336,
        "Median Household Income": 58018.0
    },
    "Native American": {
        "Mean Household Income": 66259.90243902439,
        "Median Household Income": 63250.0
    },
    "Other": {
        "Mean Household Income": 62724.0,
        "Median Household Income": 58646.0
    },
    "Pacific Islander": {
        "Mean Household Income": 87545.28571428571,
        "Median Household Income": 68393.0
    },
    "Total": {
        "Mean Household Income": 73474.62903225806,
        "Median Household Income": 68097.0
    },
    "Two Or More": {
        "Mean Household Income": 67551.01666666666,
        "Median Household Income": 60732.5
    },
    "White": {
        "Mean Household Income": 76853.75806451614,
        "Median Household Income": 69664.5
    },
    "White Non-Hispanic": {
        "Mean Household Income": 77776.29032258065,
        "Median Household Income": 70149.5
    }
}