[
    {
        "ID Race":0,
        "Race":"White Alone",
        "ID Ethnicity":0,
        "Ethnicity":"Not Hispanic or Latino",
        "ID Year":2022,
        "Year":2022,
        "Hispanic Population Moe":4965.0,
        "Geography":"New York",
        "ID Geography":"04000US36",
        "Slug Geography":"new-york",
        "Population":10761815,
        "share":0.5382420229
    },
    {
        "ID Race":0,
        "Race":"White Alone",
        "ID Ethnicity":1,
        "Ethnicity":"Hispanic or Latino",
        "ID Year":2022,
        "Year":2022,
        "Hispanic Population Moe":13416.0,
        "Geography":"New York",
        "ID Geography":"04000US36",
        "Slug Geography":"new-york",
        "Population":987837,
        "share":0.0494057355
    },
    {
        "ID Race":1,
        "Race":"Black or African American Alone",
        "ID Ethnicity":0,
        "Ethnicity":"Not Hispanic or Latino",
        "ID Year":2022,
        "Year":2022,
        "Hispanic Population Moe":7826.0,
        "Geography":"New York",
        "ID Geography":"04000US36",
        "Slug Geography":"new-york",
        "Population":2767223,
        "share":0.1384000473
    },
    {
        "ID Race":1,
        "Race":"Black or African American Alone",
        "ID Ethnicity":1,
        "Ethnicity":"Hispanic or Latino",
        "ID Year":2022,
        "Year":2022,
        "Hispanic Population Moe":7492.0,
        "Geography":"New York",
        "ID Geography":"04000US36",
        "Slug Geography":"new-york",
        "Population":243893,
        "share":0.0121980783
    },
    {
        "ID Race":2,
        "Race":"American Indian & Alaska Native Alone",
        "ID Ethnicity":0,
        "Ethnicity":"Not Hispanic or Latino",
        "ID Year":2022,
        "Year":2022,
        "Hispanic Population Moe":1582.0,
        "Geography":"New York",
        "ID Geography":"04000US36",
        "Slug Geography":"new-york",
        "Population":38481,
        "share":0.0019245909
    },
    {
        "ID Race":2,
        "Race":"American Indian & Alaska Native Alone",
        "ID Ethnicity":1,
        "Ethnicity":"Hispanic or Latino",
        "ID Year":2022,
        "Year":2022,
        "Hispanic Population Moe":3186.0,
        "Geography":"New York",
        "ID Geography":"04000US36",
        "Slug Geography":"new-york",
        "Population":54903,
        "share":0.0027459217
    },
    {
        "ID Race":3,
        "Race":"Asian Alone",
        "ID Ethnicity":0,
        "Ethnicity":"Not Hispanic or Latino",
        "ID Year":2022,
        "Year":2022,
        "Hispanic Population Moe":4478.0,
        "Geography":"New York",
        "ID Geography":"04000US36",
        "Slug Geography":"new-york",
        "Population":1752744,
        "share":0.0876618374
    },
    {
        "ID Race":3,
        "Race":"Asian Alone",
        "ID Ethnicity":1,
        "Ethnicity":"Hispanic or Latino",
        "ID Year":2022,
        "Year":2022,
        "Hispanic Population Moe":1530.0,
        "Geography":"New York",
        "ID Geography":"04000US36",
        "Slug Geography":"new-york",
        "Population":14854,
        "share":0.0007429088
    },
    {
        "ID Race":4,
        "Race":"Native Hawaiian & Other Pacific Islander Alone",
        "ID Ethnicity":0,
        "Ethnicity":"Not Hispanic or Latino",
        "ID Year":2022,
        "Year":2022,
        "Hispanic Population Moe":590.0,
        "Geography":"New York",
        "ID Geography":"04000US36",
        "Slug Geography":"new-york",
        "Population":5458,
        "share":0.0002729767
    },
    {
        "ID Race":4,
        "Race":"Native Hawaiian & Other Pacific Islander Alone",
        "ID Ethnicity":1,
        "Ethnicity":"Hispanic or Latino",
        "ID Year":2022,
        "Year":2022,
        "Hispanic Population Moe":839.0,
        "Geography":"New York",
        "ID Geography":"04000US36",
        "Slug Geography":"new-york",
        "Population":3662,
        "share":0.0001831515
    },
    {
        "ID Race":5,
        "Race":"Some Other Race Alone",
        "ID Ethnicity":0,
        "Ethnicity":"Not Hispanic or Latino",
        "ID Year":2022,
        "Year":2022,
        "Hispanic Population Moe":6171.0,
        "Geography":"New York",
        "ID Geography":"04000US36",
        "Slug Geography":"new-york",
        "Population":159321,
        "share":0.0079682895
    },
    {
        "ID Race":5,
        "Race":"Some Other Race Alone",
        "ID Ethnicity":1,
        "Ethnicity":"Hispanic or Latino",
        "ID Year":2022,
        "Year":2022,
        "Hispanic Population Moe":19388.0,
        "Geography":"New York",
        "ID Geography":"04000US36",
        "Slug Geography":"new-york",
        "Population":1719175,
        "share":0.0859829155
    },
    {
        "ID Race":6,
        "Race":"Two or More Races",
        "ID Ethnicity":0,
        "Ethnicity":"Not Hispanic or Latino",
        "ID Year":2022,
        "Year":2022,
        "Hispanic Population Moe":9668.0389945428,
        "Geography":"New York",
        "ID Geography":"04000US36",
        "Slug Geography":"new-york",
        "Population":613623,
        "share":0.0306897754
    },
    {
        "ID Race":6,
        "Race":"Two or More Races",
        "ID Ethnicity":1,
        "Ethnicity":"Hispanic or Latino",
        "ID Year":2022,
        "Year":2022,
        "Hispanic Population Moe":14243.3340198143,
        "Geography":"New York",
        "ID Geography":"04000US36",
        "Slug Geography":"new-york",
        "Population":871390,
        "share":0.0435817487
    }
]